name,username,password,email,phone,address,account_balance
Wallace Bowers,PhilipBrown,veasy,pede.et.risus@elit.ca,(219) 131-6325,Ap #542-7350 Ante. St.,100000
Isaiah Walls,EvanHuff,CYU88LLT5BU,at.auctor.ullamcorper@dui.net,(330) 205-1873,P.O. Box 550,100000
Zane Cannon,LoganJefferson,SUM38RSH3PZ,massa.Vestibulum@eleifend.net,(460) 879-1718,988-9600 Ligula. St.,100000
Ian Chase,AllistairMoreno,XWR66IKQ1EA,turpis@mauris.org,(160) 774-0112,P.O. Box 762,100000
Jarrod Cooke,VictorHicks,QNV90RGG9RD,auctor@Nunc.co.uk,(141) 931-4056,9074 Risus. Ave,100000
Mark Goodman,ChancellorSpears,PRD10AST8AI,quam.elementum@aliquetdiamSed.co.uk,(549) 289-2113,Ap #719-4601 Torquent St.,100000
Kennan Vasquez,DonovanCastillo,SCP53AHP3RR,nibh.Phasellus.nulla@Phasellusliberomauris.ca,(163) 739-9515,P.O. Box 593,100000
Wesley Garner,GrayJimenez,UGN43EKH6JQ,tellus.lorem.eu@mauris.org,(640) 822-2951,6026 Sed Road,100000
Thaddeus Tillman,CiaranHenderson,UDM97KCS2XV,eu.dolor@velit.com,(112) 686-3816,Ap #507-3046 Mattis. Road,100000
Logan Mercado,YasirHart,KKI62FGN6MI,arcu.iaculis@Sedauctorodio.com,(590) 648-3100,P.O. Box 657,100000
Christopher Gentry,MasonBeard,HRW23HLD4SG,Nullam.vitae@risus.ca,(811) 941-5944,P.O. Box 857,100000
Silas Mcgowan,BrendanCantu,ZAX56OWO0XO,eget.magna@iaculisodio.co.uk,(201) 843-3924,8120 Metus. Av.,100000
Arden Wallace,TateCampbell,LUO11OJO6WQ,Fusce.diam.nunc@eratinconsectetuer.com,(385) 177-9482,8356 Consequat Avenue,100000
Declan Fields,DaquanHurst,VVV55OMR5DR,ipsum.porta@malesuadaInteger.ca,(484) 449-1752,401-5457 Etiam Rd.,100000
Kieran Mclean,ColoradoLang,PFU31ZXJ2MH,libero.est.congue@sitamet.co.uk,(392) 811-4849,9836 Purus. Av.,100000
Hop Mcknight,RichardFrank,KHB93DZI0PI,ligula@nuncid.com,(750) 757-5837,278-3654 Mauris Av.,100000
Carson Wright,DriscollSparks,HYT92WVN2LX,varius.Nam.porttitor@adipiscinglobortis.org,(737) 631-4889,Ap #655-3666 Orci St.,100000
Tiger Butler,NehruShields,OEO67JOB9VP,pede@velitegestaslacinia.ca,(582) 841-6248,P.O. Box 590,100000
Calvin Dodson,BrandonDejesus,FFP73IGV8AX,sem@necmollisvitae.net,(926) 204-4987,633-2849 In Rd.,100000
Dorian Mitchell,BernardBarber,LWU14PDT1TK,Curabitur.sed@Nuncacsem.net,(283) 482-6868,Ap #870-9013 Maecenas Road,100000
Dexter Acosta,ChaseYates,HKQ02EOB2EU,ut.quam.vel@sedpede.co.uk,(974) 780-1258,P.O. Box 527,100000
Alan Moran,OmarGonzalez,YDQ80PML8XX,nisl.Maecenas.malesuada@nequenon.edu,(425) 700-8695,7728 Magna Rd.,100000
Ivan Hines,HenrySullivan,VNT26JEC0EH,eget@acturpisegestas.co.uk,(684) 726-3540,827-7079 Elit Av.,100000
Jesse Frost,HakeemPeters,WXW52AAJ0YS,ut.pharetra@sollicitudin.edu,(299) 364-3455,417-5041 Ante Road,100000
Ross Farley,BeauCannon,SJO23DDO7DP,at@urnaNuncquis.org,(788) 910-9539,Ap #127-5949 Pede. St.,100000
Conan Murray,ThaddeusAcevedo,ZII03EBZ4AX,et.libero.Proin@ornarelibero.co.uk,(339) 257-5566,544-7071 Dictum Rd.,100000
Ethan Le,EmeryMorton,GBS57HQX0NZ,enim.condimentum@iaculisnec.edu,(531) 159-0643,P.O. Box 931,100000
Duncan Galloway,DieterBean,OIP83HDU3VW,erat.volutpat.Nulla@quislectus.net,(692) 778-3922,Ap #412-8092 Sed St.,100000
Vernon Romero,MarsdenSolis,GKV30MMM0PV,Nunc.ullamcorper.velit@laciniaatiaculis.edu,(973) 755-3235,P.O. Box 308,100000
Lucian Barton,ShadBennett,VSO87QFK7HW,Maecenas@magnaUt.org,(154) 705-7424,Ap #531-5058 Urna. St.,100000
Hoyt Mason,CadmanFerguson,CFN27AND0HE,placerat@Nullam.co.uk,(568) 593-1800,P.O. Box 821,100000
Walker Garner,GriffinSykes,TWN29IVG9FR,Sed.pharetra@interdumfeugiatSed.com,(583) 666-3617,Ap #795-8095 Sagittis Street,100000
Hall Hinton,KasimirLeon,XCJ01WUN6WJ,tempus.eu.ligula@orci.net,(382) 682-0069,Ap #442-9553 Odio Road,100000
Xavier Rogers,JaredVang,NEN93JTV7OS,in.magna.Phasellus@nectempus.ca,(923) 759-7290,7527 Vivamus St.,100000
Abel Leonard,DavisBarrett,KAX28JME0UT,neque.tellus.imperdiet@neque.edu,(764) 314-7963,293-6461 Ac,100000
Zachery Mcintyre,ChandlerGomez,UFH30SJR2GR,lacinia.Sed.congue@lectus.com,(268) 544-0262,Ap #960-4304 Urna. Rd.,100000
Timon Cunningham,AddisonReynolds,AXF65SZX3JU,tincidunt.nibh@Donecconsectetuer.edu,(216) 521-7436,P.O. Box 610,100000
Darius Melendez,DanteWaller,INS63ULR3JR,erat@Utnecurna.com,(288) 170-3779,P.O. Box 915,100000
Lars Galloway,AsherHenderson,NSO20RJB8EJ,ante.ipsum.primis@nisinibh.ca,(790) 308-9773,6162 Phasellus Road,100000
Dane Skinner,ChandlerVinson,MGG29XGU3IK,primis@Praesent.edu,(331) 116-9330,6809 Lorem St.,100000
Basil Gomez,QuinnHatfield,FMD39ABP2TU,vestibulum.neque@PhasellusnullaInteger.edu,(694) 437-3825,8701 Sed Rd.,100000
Jordan Foreman,CameronHardy,AIS88JEW2RZ,ante.ipsum.primis@NullafacilisiSed.ca,(683) 533-4347,396-6311 Aliquam Avenue,100000
Caleb Dejesus,JasperBlair,IMR55TDO7RD,risus@blandit.org,(891) 152-6850,Ap #420-6545 Aliquet St.,100000
Denton Joseph,EzraPace,YWN88QPO2RH,ullamcorper@enimconsequatpurus.com,(857) 304-5796,Ap #193-5789 In Rd.,100000
Ulysses Christensen,XenosDawson,FPT09XKV8GH,amet.orci.Ut@Cras.ca,(780) 129-6910,690-2468 Sed Road,100000
Yardley Emerson,CastorMeyer,NBQ57BVE3KQ,auctor.odio.a@mienimcondimentum.ca,(401) 112-2324,2761 Elementum Ave,100000
Jermaine Melendez,OdysseusSloan,ONB23UXY4BS,risus.varius@miDuis.co.uk,(624) 971-4475,P.O. Box 152,100000
Logan Cantrell,KenyonRollins,UBP13HAW6SM,ipsum.primis@facilisi.com,(563) 641-3972,P.O. Box 683,100000
Owen Fuller,DrewRowland,ZZH63KJS5ZI,ligula.Nullam@Morbivehicula.edu,(604) 110-4179,139-3354 Mauris Street,100000
Drew Hester,AndrewEverett,KRQ22IMO6QO,dui.Cras.pellentesque@ullamcorperviverraMaecenas.edu,(607) 887-2573,9171 Sociis Road,100000
Amal Wong,EmmanuelLevine,PVJ67AUG5KB,Nullam.scelerisque.neque@ipsumdolorsit.edu,(574) 836-3902,Ap #419-8519 Aliquam,100000
Mark Bryan,GiacomoHill,OSV38MKB5EZ,cursus.diam.at@elitsed.ca,(540) 285-3074,Ap #161-5248 Massa Av.,100000
Jamal Griffin,DavidAshley,AUY50ZPZ5SS,Nulla.eu.neque@tellusfaucibusleo.net,(232) 974-0795,605-3473 Vel,100000
Walker Hammond,WayneWyatt,ZOI10OLA8VJ,turpis.nec.mauris@et.net,(941) 775-6057,P.O. Box 405,100000
Palmer Glenn,BarryBerger,JVP62WSK3BG,eleifend.Cras.sed@necanteMaecenas.net,(865) 792-2631,P.O. Box 103,100000
Evan Wheeler,ElmoWarner,FYV22WNR6PA,mattis.Cras@Proineget.co.uk,(811) 779-3856,P.O. Box 526,100000
Lucian Kennedy,GeoffreyHumphrey,WRD79MUV8HQ,nunc.ac.mattis@luctusCurabitur.com,(489) 382-1730,3558 Nullam Street,100000
Stone Anthony,IsaiahGould,JCK51OZZ4RX,non.leo.Vivamus@tristiqueac.ca,(456) 207-0309,Ap #563-1615 Eu,100000
Kato Hudson,HenryBates,KMI34ELT9RQ,tellus@quisaccumsanconvallis.co.uk,(732) 353-6438,581-8725 Nisi. Road,100000
Timothy Young,HarlanNash,SHT77ZHR0DD,netus.et@Maurisutquam.co.uk,(328) 303-4018,900-7326 Justo. Av.,100000
Xander Mcpherson,NoahPayne,TDN67DPY5CM,viverra.Maecenas.iaculis@temporest.edu,(796) 349-9503,Ap #634-5654 Vestibulum Av.,100000
Porter Barlow,DerekFields,MCV77YCK8YZ,dolor.quam@risusMorbi.edu,(137) 672-5044,8610 Congue Road,100000
Wesley Albert,OrenLewis,YRV67KLK0MJ,nunc.interdum@ligulaconsectetuer.net,(729) 130-8302,979-6567 Senectus Street,100000
Carson Alexander,AddisonAnthony,MIF18UJL4BB,vitae.dolor@interdum.ca,(480) 429-2885,P.O. Box 312,100000
Thomas Macias,CyrusCrosby,IXA41KGI7OK,vulputate.mauris.sagittis@adipiscingenimmi.org,(772) 503-6382,P.O. Box 925,100000
Harding Merrill,BaxterBowman,SNN77WWK5DW,elit@purusmauris.net,(437) 872-9573,140-4050 Faucibus Road,100000
Jakeem Holmes,WilliamAcosta,OXU43YOP4IQ,faucibus.leo@Uttincidunt.edu,(164) 388-8415,8913 Mi St.,100000
Dorian French,LenMichael,BKG75ZLI4KP,dapibus.id.blandit@Duisvolutpat.co.uk,(645) 735-7506,9277 Eleifend,100000
Martin Delaney,RossKent,DSX47XVF6YA,Aenean@ut.org,(642) 604-9447,Ap #479-8638 Et St.,100000
Carlos Brennan,ChaimGiles,NXK80VYZ2JP,dolor.sit@blandit.com,(446) 881-6578,P.O. Box 764,100000
Jonas Black,GarrettPate,DKK53CAE7HE,molestie.pharetra.nibh@egestasAliquam.co.uk,(475) 540-2778,497-7967 Arcu Avenue,100000
Oren Kemp,ColeKemp,MAQ57VMO6BE,accumsan.convallis.ante@pharetra.com,(625) 424-5659,P.O. Box 568,100000
Rogan Buckner,LeoLambert,GMP44YSO2VK,et.rutrum.eu@felis.com,(111) 679-5783,7190 Scelerisque Rd.,100000
Kennan Simpson,LaithMoran,CGM25EJK4XZ,lorem.vehicula.et@PraesentluctusCurabitur.org,(179) 182-1847,P.O. Box 251,100000
Solomon Alvarado,AmalBailey,PIO16ECV6QA,commodo.auctor.velit@egestas.com,(682) 995-2854,2825 Tristique Rd.,100000
Ray Lloyd,BrettMartin,LOF52XFW1XS,auctor@duinectempus.ca,(894) 590-4321,P.O. Box 381,100000
Erasmus Osborn,ReeseRoberts,TFQ48ZUZ6XX,ultrices@mauris.edu,(256) 361-0361,P.O. Box 907,100000
Graiden Miranda,KennedyBarber,USC43WYV5XZ,vestibulum.nec.euismod@facilisis.com,(243) 232-1325,Ap #705-2783 Ultrices Ave,100000
Bevis Mendez,ConanBenson,SOX12NDK8TR,diam.Duis@laciniaSedcongue.com,(478) 254-8130,Ap #634-3153 Id,100000
Carter Williamson,JakeemMcdaniel,WPJ82PRT3AO,ut.lacus.Nulla@Classaptent.edu,(549) 194-3171,613-4848 Suspendisse Rd.,100000
Acton Mendoza,JackRodriquez,VJJ03OPP1QQ,tincidunt.Donec.vitae@justosit.edu,(365) 304-1402,637-6463 Rhoncus. Rd.,100000
Kato Paul,ThorShort,PYM23QTD7LA,tristique.senectus@portaelita.net,(362) 254-0288,4032 Nec St.,100000
Tyrone Walter,TrevorReynolds,NGM78FKQ3EF,at@Nuncquis.edu,(559) 150-2388,P.O. Box 444,100000
Alvin Charles,GuyReynolds,WWQ90CTC3HR,molestie@egestas.co.uk,(914) 920-4202,P.O. Box 264,100000
Lucian Mckinney,OttoSweeney,QIW38HBS6SS,placerat@in.com,(969) 279-8435,610-414 Sed,100000
Ryder Cobb,WarrenBrady,GKM81ZJJ8YV,dolor@utnullaCras.edu,(765) 326-7055,6294 Malesuada. Street,100000
Declan England,QuinlanCarpenter,VSU73YOR3HM,Morbi@Aliquam.org,(493) 849-6279,P.O. Box 304,100000
Levi Baird,ClarkRiggs,HUN40XYK7WW,est.congue.a@estarcu.edu,(456) 740-6955,976-5060 Sem Street,100000
Stephen Sears,GarrisonGriffith,EBC42TDA6ZS,consectetuer@tinciduntnuncac.edu,(803) 569-6968,8086 Et,100000
Oliver Gallegos,SteelFuller,QDW97DZQ3AU,est@fames.net,(725) 640-2987,766-6060 Magna. Av.,100000
Lee Lynch,NeilSheppard,FKY02VBO3BM,eros.Nam.consequat@euismod.net,(580) 638-5072,557-1628 Metus Street,100000
Jackson Montoya,BarryKirk,AUP18RKQ4PL,vel.convallis@euismod.co.uk,(434) 262-5387,9516 Sapien,100000
Cain Cole,FultonEdwards,KSB35IQD4YE,viverra.Donec.tempus@cursusin.com,(416) 603-4520,P.O. Box 574,100000
Alden Scott,GabrielNewman,LUA59AJL2QT,metus.eu.erat@erosturpisnon.co.uk,(998) 251-5927,6892 Mollis St.,100000
Wang Curry,IshmaelSimmons,YLQ48MGL7DM,non.lobortis@aliquetPhasellus.net,(553) 177-3559,6961 Metus. Avenue,100000
Yuli Simon,ErichVinson,MIE78BSH2TG,consectetuer.rhoncus.Nullam@Aliquam.co.uk,(161) 593-1667,P.O. Box 612,100000
Clark Strong,ZaneCarson,WOI73IDF2UH,Cras@consectetueradipiscingelit.net,(894) 913-0888,Ap #273-9011 Libero. St.,100000
Tucker Porter,JacksonParker,IOB32BZL0WC,a.odio@Nunclaoreetlectus.com,(158) 107-9126,373-9841 Ridiculus St.,100000
Chaim Gaines,BakerStuart,ZAX48OMV4PR,nisi.magna@tempus.net,(732) 652-6020,5998 Ipsum. St.,100000
Scott Schwartz,XanderMason,DOQ25QLF9KU,sem.Nulla@purus.co.uk,(397) 882-9425,241-4074 Risus. Av.,100000
Nikhil Khosla,nikhil,nikhil,nikhil123@gmail.com,(91) 123456789,123 lorem ipsum,100000
